Date,fold,Revenue_actual,Revenue_pred,COGS_actual,COGS_pred
2018-07-01,2018_H2,8830377.17,9998563.136684762,8529895.83,9739871.465279752
2018-07-02,2018_H2,8070014.23,6848105.749115102,7743177.14,6626048.69078454
2018-07-03,2018_H2,9033060.75,5440244.034816978,8644208.55,5560322.556690343
2018-07-04,2018_H2,2096565.2,4120546.1701613213,2027736.06,3475126.306269739
2018-07-05,2018_H2,2944993.36,3501372.282537155,2822619.07,3490047.636927191
2018-07-06,2018_H2,2036989.14,3453525.509221839,2040145.8,3324614.229052919
2018-07-07,2018_H2,3253556.07,3037772.8923294405,3156576.31,2854876.984147642
2018-07-08,2018_H2,2752144.2,3420898.3706773124,2725199.41,3310244.6750920415
2018-07-09,2018_H2,4430764.61,4272777.406406097,4215804.43,4053623.642907738
2018-07-10,2018_H2,5201122.72,5094339.438669661,4881351.11,4585354.252071228
2018-07-11,2018_H2,6502831.07,5608289.081331339,6236313.66,5176200.301722893
2018-07-12,2018_H2,6228668.47,5754552.362221993,6094439.16,5305501.6044771625
2018-07-13,2018_H2,4250921.4,5004553.644895616,4213700.8,4736380.985667981
2018-07-14,2018_H2,4868504.46,4511661.066931253,4786402.77,4297867.105196826
2018-07-15,2018_H2,5393026.83,4892912.968750854,5249791.03,4578383.670984865
2018-07-16,2018_H2,4994805.9,4947107.313436947,4716050.05,4630710.373528284
2018-07-17,2018_H2,5712604.18,5640200.895768345,5386803.9,5061032.901163269
2018-07-18,2018_H2,7639039.23,6440840.811180241,7484190.04,5815194.674857106
2018-07-19,2018_H2,6252432.84,6687294.082421207,5912775.72,5980827.186127571
2018-07-20,2018_H2,5761282.54,5844744.194763988,5222554.73,5164336.085005388
2018-07-21,2018_H2,4939690.9,4852069.235536309,4320031.79,4270534.060378739
2018-07-22,2018_H2,5641320.53,5241098.131904241,4834937.23,4524209.785731902
2018-07-23,2018_H2,6121614.15,5434818.601013639,4864263.18,4645918.326061939
2018-07-24,2018_H2,6821739.77,5976921.134038337,5344675.82,5022267.651615388
2018-07-25,2018_H2,7944998.65,7440107.957762972,6241710.94,5971470.972578951
2018-07-26,2018_H2,6463508.32,7877913.920086661,5212368.25,6430486.935592838
2018-07-27,2018_H2,5162979.4,6479783.048271414,4110689.88,5391129.652087952
2018-07-28,2018_H2,6313222.5,5958137.614671913,5068784.77,5355817.809893867
2018-07-29,2018_H2,6597216.94,7608217.228948713,5284529.74,6582105.663905174
2018-07-30,2018_H2,7314460.76,9112606.23217182,5725898.93,8232163.028004833
2018-07-31,2018_H2,12496367.04,10628341.109662069,9909115.53,9583029.777462903
2018-08-01,2018_H2,13786351.91,12255837.776560651,10884999.4,10916673.652105492
2018-08-02,2018_H2,10106943.25,8847109.020576086,7999614.76,10083900.387470948
2018-08-03,2018_H2,9026931.62,7407834.621270197,7058116.81,8190824.119631468
2018-08-04,2018_H2,6859151.1,4075964.017162651,5490125.8,3802496.0362490434
2018-08-05,2018_H2,3117800.12,3648724.6248029782,2491453.39,3804026.4858620265
2018-08-06,2018_H2,3924563.55,3301917.845421244,3048117.59,3606547.60539594
2018-08-07,2018_H2,4212970.63,3426941.7354784585,3334965.62,3811447.786948263
2018-08-08,2018_H2,4647118.76,3424584.489610669,3610702.93,3761783.4272488924
2018-08-09,2018_H2,4946125.63,4068272.8789387913,3977801.47,4331384.176702653
2018-08-10,2018_H2,3705554.89,3543099.2220713007,2859379.41,3845356.1844055452
2018-08-11,2018_H2,4591065.72,3175665.636186584,3598807.89,3440231.136666167
2018-08-12,2018_H2,4030885.81,3556199.0145351766,3179458.32,3760587.130193274
2018-08-13,2018_H2,4244815.28,3790730.8283526413,3284829.91,3906831.646417075
2018-08-14,2018_H2,6041631.13,4067077.296978634,4766947.5,4319793.32170178
2018-08-15,2018_H2,6058071.07,4300301.212372319,4807626.36,4748692.656310752
2018-08-16,2018_H2,5333680.81,4558667.604670156,4015767.27,5051645.360850258
2018-08-17,2018_H2,4314679.61,4198518.302452065,3455461.38,4516876.3182436675
2018-08-18,2018_H2,4960825.43,3678516.6367935627,3902500.12,3905348.3809133694
2018-08-19,2018_H2,4978431.53,3953602.606911974,3847035.88,4166026.912528095
2018-08-20,2018_H2,4896843.63,3976062.3776999246,3837284.3,4212341.038397063
2018-08-21,2018_H2,5971341.33,4216452.978316913,4692653.97,4519841.444569338
2018-08-22,2018_H2,7086185.79,4581590.089705709,5662221.43,5039442.955102241
2018-08-23,2018_H2,5392520.44,4717159.808854455,4260217.92,5375379.399616958
2018-08-24,2018_H2,3329330.38,4300245.04217752,2630754.1,4658993.124780236
2018-08-25,2018_H2,4716376.41,4032324.84206069,3836954.01,4106673.5699462006
2018-08-26,2018_H2,4717920.92,4357656.5103603685,3744613.34,4467075.037140256
2018-08-27,2018_H2,6151109.31,4643414.328897525,4800826.49,4696931.819467509
2018-08-28,2018_H2,12207075.48,8217276.41868841,9954369.46,8116795.382856969
2018-08-29,2018_H2,10330752.34,9710611.56197741,8329694.93,9673397.887711061
2018-08-30,2018_H2,10819458.93,10203398.394311309,8497693.47,10658233.336524524
2018-08-31,2018_H2,9769233.6,9942617.922300946,7975907.3,10501578.422801906
2018-09-01,2018_H2,8834290.53,8428208.305056235,7236711.56,8079751.02134496
2018-09-02,2018_H2,2926208.13,3764628.615107847,2475973.31,3716096.467123753
2018-09-03,2018_H2,3730127.97,4050452.7932421155,3250956.11,3656572.084573148
2018-09-04,2018_H2,2895558.56,3609443.453838716,2566039.59,3395308.518552289
2018-09-05,2018_H2,2683914.3,3575284.1716751545,2352008.69,3033088.531580618
2018-09-06,2018_H2,2220736.04,3544448.241878626,1976596.92,3109903.7594039524
2018-09-07,2018_H2,2737800.42,3385496.3352731178,2305499.6,2958343.8321726187
2018-09-08,2018_H2,3138040.11,3473595.614199613,2844198.87,3085693.0793870534
2018-09-09,2018_H2,4428844.18,4147388.0955806207,3809539.78,3632500.6488368935
2018-09-10,2018_H2,3518686.76,4638768.199870845,3115017.21,4223058.58069608
2018-09-11,2018_H2,2737148.82,4952660.095228024,2457613.39,4486470.359355702
2018-09-12,2018_H2,3907657.89,4363342.607065751,3473624.08,3901279.983066525
2018-09-13,2018_H2,3198359.98,4217004.850202948,2826009.39,3727078.375873577
2018-09-14,2018_H2,3759913.17,4111935.764322524,3409768.94,3637465.899707914
2018-09-15,2018_H2,3182906.62,4396201.957851859,2708850.83,3857467.2976142946
2018-09-16,2018_H2,4513878.02,4560665.208561874,4134396.21,4025887.0818526754
2018-09-17,2018_H2,3684035.33,5073845.68916017,3185261.69,4455117.1947491495
2018-09-18,2018_H2,3511249.8,5085401.901282487,3093197.05,4523444.591783355
2018-09-19,2018_H2,3203671.41,4705128.841380676,2850137.86,4005123.4800712448
2018-09-20,2018_H2,2967505.47,4444490.965362882,2634513.81,3869797.6620936734
2018-09-21,2018_H2,3391440.87,4373227.2537552025,3055926.25,3852412.2883113595
2018-09-22,2018_H2,3067943.56,4518104.20784859,2653342.07,3968676.075087903
2018-09-23,2018_H2,4892505.92,4662105.189283208,4455722.87,4129919.0518775145
2018-09-24,2018_H2,4916532.68,5168892.621588063,4394814.48,4669974.248997424
2018-09-25,2018_H2,3834324.5,6089919.768206976,3363603.04,5385424.160672207
2018-09-26,2018_H2,4727732.71,5968685.1302378,4050861.46,5364799.731039624
2018-09-27,2018_H2,5609192.49,6494887.28584895,4998150.71,5912967.02397598
2018-09-28,2018_H2,5221949.72,6692100.127446516,4643296.21,5559281.912770347
2018-09-29,2018_H2,5089871.44,6375481.381984285,4351327.13,5633829.230072157
2018-09-30,2018_H2,5437181.81,6600961.287310595,4591821.05,5824635.432728781
2018-10-01,2018_H2,4742181.64,5815729.242127288,4115311.14,4619098.651823655
2018-10-02,2018_H2,1807247.84,3361768.3000486926,1354070.12,2778050.6421415163
2018-10-03,2018_H2,1798411.4,3329469.569268374,1414782.3,2620520.2494717226
2018-10-04,2018_H2,2726313.6,3240230.4181107446,2140614.37,2640620.5260590045
2018-10-05,2018_H2,2484898.47,3131109.8786014887,1911895.45,2544803.3069796306
2018-10-06,2018_H2,2157385.6,3238002.8829101925,1668290.7,2593358.862615862
2018-10-07,2018_H2,2767415.65,3488126.5532063926,2075893.96,2812106.078353451
2018-10-08,2018_H2,3075660.75,3933467.217400269,2408923.48,3133772.239124615
2018-10-09,2018_H2,2768213.46,4230650.813064938,2199027.83,3374992.741116486
2018-10-10,2018_H2,1759060.3,4228604.474521857,1352309.05,3319484.6971781487
2018-10-11,2018_H2,2288675.28,3712371.1533134645,1804152.97,2979610.0627802312
2018-10-12,2018_H2,3801607.19,3554842.733271135,3093283.75,2934814.852104678
2018-10-13,2018_H2,3486645.25,3738893.9098759927,2756384.22,3057509.047367292
2018-10-14,2018_H2,3516624.21,3971718.6060978426,2744217.98,3203599.7076812303
2018-10-15,2018_H2,3593428.63,4375924.127979575,2809961.8,3640523.7682423987
2018-10-16,2018_H2,4126610.48,4561979.81084581,3221862.51,3728262.430826944
2018-10-17,2018_H2,2193280.79,4333605.525349668,1721100.93,3534590.1290996904
2018-10-18,2018_H2,2364712.74,3945730.0645295167,1825738.91,3125569.757324814
2018-10-19,2018_H2,2753648.17,3719707.1143281274,2191447.61,3023581.727709855
2018-10-20,2018_H2,3067392.26,3799917.780713916,2428564.0,3115097.0040874984
2018-10-21,2018_H2,2965006.46,4005868.385699286,2322786.28,3221517.8796612383
2018-10-22,2018_H2,3760345.32,4440601.279017644,3093167.35,3716569.5309127485
2018-10-23,2018_H2,3210408.93,4525254.154306836,2590626.71,3651006.6041362598
2018-10-24,2018_H2,2388950.39,4371061.126972688,1810211.59,3490858.7986736475
2018-10-25,2018_H2,2281239.32,4383529.84219747,1789602.98,3399019.8775823913
2018-10-26,2018_H2,2925667.62,3798631.733387962,2326884.75,3178361.2464032536
2018-10-27,2018_H2,3517566.83,3931386.316605407,2788248.35,3470988.4747042
2018-10-28,2018_H2,5148086.02,6321214.617334964,4236118.44,5338862.354714852
2018-10-29,2018_H2,6121160.36,6673756.454273185,4854267.79,5570244.7310933
2018-10-30,2018_H2,5647021.76,6954437.904582351,4534254.48,5660799.841173861
2018-10-31,2018_H2,5340696.76,7033807.996608311,4313400.22,5651671.527147742
2018-11-01,2018_H2,4100504.23,5147988.36312624,3207191.36,4759483.647224292
2018-11-02,2018_H2,1332091.2,3296700.945048053,973346.43,2423279.0016873106
2018-11-03,2018_H2,1775113.55,2806412.0875427197,1429465.35,2244106.147966295
2018-11-04,2018_H2,2595301.17,3118781.526126138,2110463.11,2494636.4614219433
2018-11-05,2018_H2,2667990.75,3272320.053506279,2059523.3,2685954.5957786506
2018-11-06,2018_H2,2019349.93,3287715.81457639,1662050.67,2742569.6034611175
2018-11-07,2018_H2,2141247.67,2930970.555098421,1769789.01,2426790.747191026
2018-11-08,2018_H2,1913450.02,2987127.2693270184,1511722.76,2474888.2085329564
2018-11-09,2018_H2,2619129.29,2967337.1955470946,2039164.75,2443703.4297067015
2018-11-10,2018_H2,2402388.27,3083719.7497251295,1910373.68,2594641.5735735437
2018-11-11,2018_H2,3568388.14,3927891.9613878876,2844379.91,3184319.1363178566
2018-11-12,2018_H2,2517159.72,4220451.4824543875,2054634.4,3380028.854279228
2018-11-13,2018_H2,1925203.6,4231182.947184036,1550255.36,3382887.440239924
2018-11-14,2018_H2,1687382.45,3772618.9972785027,1226935.5,3066843.2646466633
2018-11-15,2018_H2,2055680.2,3621705.674715425,1571568.0,2926590.0561183984
2018-11-16,2018_H2,2040967.69,3591260.9650326255,1635316.04,2900115.457073733
2018-11-17,2018_H2,2025956.74,3308427.692045331,1601361.16,2780811.322571302
2018-11-18,2018_H2,3630560.3,3395377.324959197,3005034.69,3046724.3554631458
2018-11-19,2018_H2,2171786.9,3572318.9236251423,1822847.47,3191714.9322161786
2018-11-20,2018_H2,2495899.61,3409406.6021023034,2196442.6,2969738.754502042
2018-11-21,2018_H2,1870994.01,2826853.51399131,1826252.29,2631629.8330930118
2018-11-22,2018_H2,1690197.81,2610701.0658193463,1647708.27,2527332.682851641
2018-11-23,2018_H2,1647035.11,2602807.471412694,1656826.5,2487979.462365926
2018-11-24,2018_H2,1991985.26,2594270.9077092633,1889498.02,2459470.342634048
2018-11-25,2018_H2,2085511.05,3083378.578575364,2029509.86,3091498.0414089854
2018-11-26,2018_H2,2543960.96,3673114.8914952483,2433523.18,3422867.930043718
2018-11-27,2018_H2,2369522.33,4479871.6676468495,2218838.51,4372668.033438734
2018-11-28,2018_H2,1733474.59,4512498.954924416,1753556.92,4479418.267515678
2018-11-29,2018_H2,2226459.09,4358834.1383605795,2127649.92,4330629.314703807
2018-11-30,2018_H2,2058963.14,3994051.2428815695,2054767.53,3806747.44448654
2018-12-01,2018_H2,1216044.13,3279209.189209517,1211686.23,3361205.765012671
2018-12-02,2018_H2,977052.29,1953184.0026393007,950959.05,1868024.0071697491
2018-12-03,2018_H2,1855981.25,1886566.603037488,1750191.91,1858021.094274997
2018-12-04,2018_H2,1606060.57,2204523.4900416243,1508604.3,2122672.2885946874
2018-12-05,2018_H2,1085024.44,2247736.186399767,1036671.25,2181953.4365806025
2018-12-06,2018_H2,942014.91,2274662.1166585265,946159.68,2258004.317642409
2018-12-07,2018_H2,1200649.15,2041290.6221597462,1205634.51,1998257.8553920127
2018-12-08,2018_H2,1453175.2,2157582.859335235,1434521.0,2076285.5872219955
2018-12-09,2018_H2,1834112.01,2450934.950672594,1791856.09,2314113.3477199585
2018-12-10,2018_H2,1719022.37,2971576.296592525,1695031.78,2812854.7466879124
2018-12-11,2018_H2,1670763.83,3477593.496207375,1670771.64,3340894.0002389387
2018-12-12,2018_H2,1416824.27,3469780.96379204,1409602.12,3294872.7374369586
2018-12-13,2018_H2,1605917.55,2960051.0640640715,1631146.11,2909117.1174831614
2018-12-14,2018_H2,1986080.6,2800455.8249940085,1901692.62,2739422.480885705
2018-12-15,2018_H2,1761139.67,2975445.3051414327,1649696.47,2840509.6682371553
2018-12-16,2018_H2,1956185.08,3174587.906152824,1973002.66,3020723.478663299
2018-12-17,2018_H2,1975625.37,3590836.2605064316,2012021.47,3466944.4747598227
2018-12-18,2018_H2,1917848.83,3884391.068700866,1813056.96,3716756.8293570187
2018-12-19,2018_H2,1548668.19,3770927.0848055263,1537872.76,3796643.296819808
2018-12-20,2018_H2,2111859.13,3495308.183794246,1955020.76,3396544.6309492644
2018-12-21,2018_H2,1795780.71,3277029.005994009,1747996.02,3235196.7246907344
2018-12-22,2018_H2,1497206.71,3197846.556993251,1451328.96,3162420.215675786
2018-12-23,2018_H2,1221387.72,3039362.6924660867,1203158.82,2879434.545508375
2018-12-24,2018_H2,2110373.43,3270178.0282076495,2051630.86,3083882.6499241786
2018-12-25,2018_H2,1398293.31,3787412.093097592,1329598.03,3608882.807798923
2018-12-26,2018_H2,1989426.16,3683985.855548549,1906954.63,3850475.3168390677
2018-12-27,2018_H2,2379859.2,4557702.286018175,2336594.02,4263170.396633735
2018-12-28,2018_H2,4637468.16,6093570.047691442,4553417.55,5758651.014735693
2018-12-29,2018_H2,4597405.16,6594074.131812528,4592577.25,6491826.094077508
2018-12-30,2018_H2,3975279.59,6548031.748575501,3817470.28,6313418.201623693
2018-12-31,2018_H2,3827364.78,6624361.726636391,3811034.54,6305594.35240684
2019-01-01,2019_H1,2430742.1,4463137.939424896,2422276.45,3969054.841797827
2019-01-02,2019_H1,857486.8,1876919.0822108574,611460.51,1610724.055002424
2019-01-03,2019_H1,1095516.84,1643407.865048351,931676.57,1384477.006711186
2019-01-04,2019_H1,1356732.44,1985585.7071994958,1032253.29,1621033.2835081501
2019-01-05,2019_H1,1752585.71,2132329.573875665,1344358.95,1709779.5690848841
2019-01-06,2019_H1,1660128.37,2749175.065418328,1324455.7,2326686.62904927
2019-01-07,2019_H1,1936096.71,2864831.3810933055,1554210.1,2475140.0651997603
2019-01-08,2019_H1,1715399.79,2607139.275334554,1347590.83,2222355.299441661
2019-01-09,2019_H1,1858318.85,2396127.937389832,1516237.67,1983211.1394661856
2019-01-10,2019_H1,1259650.79,2335062.9907073397,1032558.86,1866207.0449028877
2019-01-11,2019_H1,2153841.45,2629222.918827723,1671962.72,2127239.1482662205
2019-01-12,2019_H1,2073990.81,2787624.1696485262,1674370.35,2277586.0351756015
2019-01-13,2019_H1,3354624.45,3025294.48049744,2671314.89,2520951.0104796886
2019-01-14,2019_H1,2361690.18,3624058.3367783614,1807957.6,3068899.6199448435
2019-01-15,2019_H1,1504083.3,3212971.915749632,1181548.42,2692593.5142602567
2019-01-16,2019_H1,1724908.79,2603410.9819043307,1349961.65,2117257.643671821
2019-01-17,2019_H1,2280332.07,2553684.5366800046,1816414.62,2094203.0739567867
2019-01-18,2019_H1,1474326.17,2505376.447783667,1227149.16,1998204.6939528538
2019-01-19,2019_H1,1754206.62,2595213.2765188166,1335367.18,2153160.5873646475
2019-01-20,2019_H1,3160071.59,2876745.763416308,2517012.51,2383823.4785134965
2019-01-21,2019_H1,2299476.91,3974009.181039119,1856585.16,3285844.610326735
2019-01-22,2019_H1,2108562.98,3967254.657995376,1708188.75,3239036.281137042
2019-01-23,2019_H1,1826741.5,3175781.2144250143,1369479.14,2631631.5824535247
2019-01-24,2019_H1,2523490.79,3147096.104495461,2014906.08,2612104.1766427243
2019-01-25,2019_H1,2014411.34,3111844.423414509,1674040.36,2620513.587652022
2019-01-26,2019_H1,2940618.52,3026357.0362322126,2385985.7,2515020.3304231777
2019-01-27,2019_H1,4391507.1,3994385.162166017,3459322.38,3197256.707575263
2019-01-28,2019_H1,4748349.69,5249715.092687486,3779471.66,4232268.5203646645
2019-01-29,2019_H1,4822586.51,4610885.700993698,3839462.75,3922212.329033099
2019-01-30,2019_H1,3962494.16,4283159.6000650935,3161585.88,3474104.551055497
2019-01-31,2019_H1,3557233.24,4175342.0659525003,2914824.87,3388830.3447957616
2019-02-01,2019_H1,2922884.32,4771041.660982247,2311260.65,4112165.576424242
2019-02-02,2019_H1,1988116.58,3125648.346015703,1648391.91,2577031.605632251
2019-02-03,2019_H1,2075616.33,3073526.756051668,1663159.13,2485170.4838578478
2019-02-04,2019_H1,1690969.52,3476355.954391869,1412906.86,2868152.4291658206
2019-02-05,2019_H1,1648913.11,3129664.0486917696,1341931.74,2574621.6500031664
2019-02-06,2019_H1,2019237.55,2880115.600067053,1620812.0,2356234.2629887466
2019-02-07,2019_H1,1807804.86,2811719.239649934,1498934.77,2262646.013508557
2019-02-08,2019_H1,1887002.96,3030100.21808054,1514639.32,2460851.9977127523
2019-02-09,2019_H1,2204244.85,3142698.8970219702,1794590.32,2532391.2391384123
2019-02-10,2019_H1,2992194.41,3398479.1955356477,2405467.55,2828469.986422626
2019-02-11,2019_H1,3050258.51,4339213.474706789,2505704.13,3575385.507412685
2019-02-12,2019_H1,2270445.76,4216017.026799688,1865294.51,3568292.9806419457
2019-02-13,2019_H1,2305149.57,3094386.8550091055,1875958.77,2582137.1861284524
2019-02-14,2019_H1,2959207.82,2885857.8313644067,2441504.63,2330414.3832856584
2019-02-15,2019_H1,2813189.48,3241799.1370944274,2241015.21,2668461.0072340285
2019-02-16,2019_H1,2890421.0,3429201.9493430518,2337140.26,2793365.751421792
2019-02-17,2019_H1,3658575.54,4141623.6692159614,2895275.54,3446939.5068942243
2019-02-18,2019_H1,4680433.34,5300454.755629749,3760557.76,4206328.477022909
2019-02-19,2019_H1,1783513.49,5344530.42862127,1498699.8,4401795.814698144
2019-02-20,2019_H1,3142305.74,4311479.0411680695,2556936.4,3509863.75091834
2019-02-21,2019_H1,3225995.91,3985212.538971439,2685076.1,3247741.1366824717
2019-02-22,2019_H1,2981029.98,4033090.7016601674,2400898.37,3324881.4379637567
2019-02-23,2019_H1,3243671.03,4411911.401149856,2744035.42,3604262.8934522583
2019-02-24,2019_H1,4659488.7,4757748.610281578,3774721.6,3971547.9500531657
2019-02-25,2019_H1,6710330.49,7115886.212031344,5461991.46,5891788.509147629
2019-02-26,2019_H1,5143906.53,7218352.217035624,4181682.12,6016593.773759454
2019-02-27,2019_H1,4911504.39,6824330.0020123515,3881267.76,5867440.382290106
2019-02-28,2019_H1,3391644.13,5870661.499723773,2722597.05,4745391.268462485
2019-03-01,2019_H1,2228532.66,2847472.6591353025,1861831.11,2537869.2278249064
2019-03-02,2019_H1,662215.74,1508450.0523182675,563992.66,1227495.9111563328
2019-03-03,2019_H1,925441.51,2046946.7205895032,757846.4,1705249.7079176658
2019-03-04,2019_H1,1915592.53,2202301.514419775,1559541.64,1742397.886900254
2019-03-05,2019_H1,2386338.6,2984651.277840039,1912200.04,2433713.806936931
2019-03-06,2019_H1,3341337.75,4004230.570583717,2745260.51,3469077.073608829
2019-03-07,2019_H1,2432557.33,4145408.5244360017,1818192.91,3590476.6359386444
2019-03-08,2019_H1,2666858.91,3652236.611718913,2181539.6,3086684.151388881
2019-03-09,2019_H1,3019892.33,3807307.458856009,2454977.33,3067409.003272046
2019-03-10,2019_H1,2681616.97,4247829.320613687,2134676.6,3317069.234588423
2019-03-11,2019_H1,2420084.85,4604475.207172953,1983304.37,3727279.095487403
2019-03-12,2019_H1,3925730.26,4973724.11647232,3314125.8,4025778.2170651807
2019-03-13,2019_H1,5148543.25,5674435.23280641,4034220.49,4616326.574659058
2019-03-14,2019_H1,4367141.68,6255945.824517132,3458729.41,5161302.75056913
2019-03-15,2019_H1,3296671.21,5369101.495005842,2596766.78,4498962.554789748
2019-03-16,2019_H1,2593942.24,4922933.574397019,2020686.01,3967991.0437446632
2019-03-17,2019_H1,3647905.41,5227846.338195477,2976722.37,4497856.016522814
2019-03-18,2019_H1,4462652.85,5482115.039800903,3659897.03,4692177.530502101
2019-03-19,2019_H1,4580736.76,5896119.608193536,3861332.4,5022608.588114504
2019-03-20,2019_H1,5766530.12,6762588.720882699,4960357.22,5792015.466883385
2019-03-21,2019_H1,4408617.11,6800520.178319343,3962414.33,5883028.7517568115
2019-03-22,2019_H1,3610928.89,5857347.4567781305,3304221.4,5180742.024884308
2019-03-23,2019_H1,3582976.25,5203709.860657281,3279702.06,4676074.03337667
2019-03-24,2019_H1,4240123.5,5465023.368036099,3766823.0,5026827.549491916
2019-03-25,2019_H1,4446564.37,6083267.437353308,4012232.01,5602704.64087686
2019-03-26,2019_H1,5345042.2,6920602.547471929,4766707.57,6183240.397074563
2019-03-27,2019_H1,6535411.89,8108201.274018453,5978075.49,7514021.792521639
2019-03-28,2019_H1,5315964.12,8312444.258336289,4667097.61,7629926.494652374
2019-03-29,2019_H1,4309156.23,8881732.952042252,3848197.98,7917103.157441407
2019-03-30,2019_H1,9442671.99,11244267.378377832,8583254.53,10671058.926215755
2019-03-31,2019_H1,7501232.88,11781523.006967388,6774268.33,10935660.742611403
2019-04-01,2019_H1,7842271.08,11015251.868101845,7122821.67,9784743.6513582
2019-04-02,2019_H1,6799630.38,10534715.48299114,6231069.37,9714005.902932882
2019-04-03,2019_H1,6787287.3,10141412.368589872,6224164.42,9423829.16237
2019-04-04,2019_H1,2048272.63,4298098.233006312,1722283.77,3993769.8088062443
2019-04-05,2019_H1,1919484.59,3760388.133224666,1795248.81,3421215.045540794
2019-04-06,2019_H1,2259659.48,4084262.188620114,2043470.72,3659392.9497226346
2019-04-07,2019_H1,2241076.34,4344074.669889598,2042622.76,3805193.416926235
2019-04-08,2019_H1,3104721.28,5364840.000937626,2774939.49,4837244.858082495
2019-04-09,2019_H1,3989319.25,6078555.557578733,3630481.23,5547022.423765212
2019-04-10,2019_H1,3426420.13,6707139.478654025,3160123.01,6023142.895810006
2019-04-11,2019_H1,3579994.96,5988228.178933686,3276911.01,5375920.13261641
2019-04-12,2019_H1,3059845.93,5400088.555608846,2753429.2,4892857.665587491
2019-04-13,2019_H1,3248777.0,5781512.097432826,3006192.84,5223077.508867043
2019-04-14,2019_H1,4002434.76,5988400.418155905,3635296.53,5244579.476435602
2019-04-15,2019_H1,3468600.1,6742714.0804333,3009772.87,5890565.807768515
2019-04-16,2019_H1,5005921.07,8033466.346801038,4277532.29,6781801.466094692
2019-04-17,2019_H1,4866105.58,8705842.21848692,3844447.57,7130698.768845418
2019-04-18,2019_H1,3458407.78,7651387.044818012,2689432.07,6171856.57378154
2019-04-19,2019_H1,3282803.64,6494473.1560260365,2507866.68,5333427.35932334
2019-04-20,2019_H1,3583833.11,6795357.278396066,2817340.98,5584939.486219175
2019-04-21,2019_H1,4280648.65,6918150.429549693,3400564.11,5675203.542692356
2019-04-22,2019_H1,5111723.35,7943610.5643589385,4071500.83,6515831.219594407
2019-04-23,2019_H1,6076381.37,9245347.842036124,4899064.86,7570294.9971292745
2019-04-24,2019_H1,6020945.99,9908675.327022566,4856675.57,8091796.917091271
2019-04-25,2019_H1,4244369.27,9350291.703945786,3305396.09,7431705.901150648
2019-04-26,2019_H1,3983588.88,7804834.600643091,3067018.69,6182588.608891005
2019-04-27,2019_H1,4765470.57,8553145.532225523,3742260.25,6672605.959581209
2019-04-28,2019_H1,5579108.13,9854586.587377137,4391470.92,8224968.128132578
2019-04-29,2019_H1,9634257.78,13247678.409439929,7639657.66,10907887.85417921
2019-04-30,2019_H1,8059929.99,15224988.397519551,6487250.52,12275765.962695818
2019-05-01,2019_H1,8442603.96,12523290.676324278,6897673.92,10197807.863374803
2019-05-02,2019_H1,7808399.68,12236223.390127476,6038961.99,9839306.32117221
2019-05-03,2019_H1,4022286.5,9132448.33304459,3234443.01,7194321.170671454
2019-05-04,2019_H1,2045383.76,3399830.6074050386,1603260.81,2971351.1153490543
2019-05-05,2019_H1,2460393.45,4186446.8926900793,1889099.54,3486345.123634476
2019-05-06,2019_H1,3089088.99,4914054.947852034,2546015.45,3882859.859764443
2019-05-07,2019_H1,3216799.62,5367777.848947508,2460959.9,4393017.585521046
2019-05-08,2019_H1,3179618.97,7041539.599918428,2549583.11,5580618.152102556
2019-05-09,2019_H1,3478743.01,6782405.619481028,2820877.92,5585096.21207479
2019-05-10,2019_H1,3379956.2,5605749.208768122,2669556.82,4606548.456458688
2019-05-11,2019_H1,3223254.17,5588817.820963839,2537597.46,4588800.0323970625
2019-05-12,2019_H1,3692378.28,5924182.997809799,2866716.95,4893666.108425742
2019-05-13,2019_H1,4792349.11,6661572.920213647,3788342.27,5430870.921280306
2019-05-14,2019_H1,4862166.63,7439353.035041962,3833993.27,6127564.841249619
2019-05-15,2019_H1,5013097.75,8913380.211321546,3959824.14,7069528.193780012
2019-05-16,2019_H1,4763396.54,8837475.630353624,3739102.59,6915675.985592319
2019-05-17,2019_H1,4890006.38,7324213.233022339,3947766.75,5806060.164385997
2019-05-18,2019_H1,4212074.41,6807403.825949427,3390993.32,5435993.224041304
2019-05-19,2019_H1,3110577.15,6865484.544638453,2404869.12,5526770.865247008
2019-05-20,2019_H1,4833855.83,7235222.12676019,3883813.76,5793633.0549732
2019-05-21,2019_H1,4376980.41,8016724.318757651,3545197.6,6439582.919418609
2019-05-22,2019_H1,5873623.7,9786834.007439232,4676076.56,7716434.303656405
2019-05-23,2019_H1,5059289.39,9691721.821723046,4065945.82,7561327.056193011
2019-05-24,2019_H1,4257574.66,7443177.264282702,3427856.53,6064248.613698782
2019-05-25,2019_H1,2703860.17,6441935.824882224,2041659.91,5371638.550207018
2019-05-26,2019_H1,3290638.14,6346543.894635785,2614660.18,5300788.386357679
2019-05-27,2019_H1,3692587.25,7198426.195204068,3103910.35,5802054.4920778815
2019-05-28,2019_H1,4649913.83,9496658.466683466,3737938.55,7391336.2266394235
2019-05-29,2019_H1,6694197.08,12112735.58099541,5100391.64,9406991.844327677
2019-05-30,2019_H1,10560540.55,15657979.311353305,8440357.87,13173970.630791739
2019-05-31,2019_H1,8767512.49,14193414.323164098,6975728.64,12298948.328378657
2019-06-01,2019_H1,8443797.15,16317611.597376507,6772402.64,12936221.33051748
2019-06-02,2019_H1,7455195.67,14640461.660293404,6102711.18,11759121.652208857
2019-06-03,2019_H1,6200836.36,10845392.93525421,4928192.22,8890452.881610759
2019-06-04,2019_H1,3657388.71,4842693.93100534,2889750.29,4075895.146636108
2019-06-05,2019_H1,3116184.22,6212108.361436089,2354873.53,4871728.787857981
2019-06-06,2019_H1,3413543.4,5821199.639245156,2707745.48,4709764.407853753
2019-06-07,2019_H1,2810118.57,4941579.049307951,2267280.87,3819526.8211921724
2019-06-08,2019_H1,3253725.42,5261720.414543821,2576270.0,4129597.4583730893
2019-06-09,2019_H1,4254903.93,5387563.508860458,3456557.9,4475573.033209098
2019-06-10,2019_H1,4783133.64,6254490.516876281,3750235.77,5185195.596700385
2019-06-11,2019_H1,4164146.71,7163780.148020899,3288307.35,6006891.17359873
2019-06-12,2019_H1,4780123.09,8302558.936774323,3862755.17,6876234.722202865
2019-06-13,2019_H1,3141446.63,7224490.639209354,2434324.12,6099698.17720494
2019-06-14,2019_H1,3321275.31,6368262.369891878,2699480.09,5175416.983925478
2019-06-15,2019_H1,4401658.94,6492455.078935906,3526274.43,5256472.471180278
2019-06-16,2019_H1,3952891.26,6858380.630866196,3206561.32,5519677.219500758
2019-06-17,2019_H1,4164327.54,7342798.467175199,3246799.45,5977054.489892196
2019-06-18,2019_H1,5036738.58,8318533.5787345935,4114695.79,6847367.052364681
2019-06-19,2019_H1,5640058.49,9187929.751646083,4485935.07,7570021.832216624
2019-06-20,2019_H1,4189605.48,7788116.468092509,3314789.57,6317752.413086308
2019-06-21,2019_H1,3812450.83,6573454.340597002,3058079.55,5380850.492164504
2019-06-22,2019_H1,4550924.39,6461796.602910151,3531072.86,5386150.57083027
2019-06-23,2019_H1,3568419.01,6806812.131763999,3068943.59,5828819.787219165
2019-06-24,2019_H1,3996277.5,7422616.853089407,3433419.57,6329446.569277503
2019-06-25,2019_H1,5688790.13,8182748.607683716,5142260.13,7409985.9271472525
2019-06-26,2019_H1,5662278.62,9339401.830430692,5280030.26,8798894.683349751
2019-06-27,2019_H1,3630711.11,8731308.43821537,3603596.44,8266378.625353306
2019-06-28,2019_H1,4670111.28,7595553.543625063,4617792.03,7847430.94425329
2019-06-29,2019_H1,7024746.69,9709891.511661923,6925205.4,9367067.334997972
2019-06-30,2019_H1,4945041.75,10000531.418767763,4627222.46,9596142.596193627
2019-07-01,2019_H2,4925285.45,8431128.021837894,4871863.28,7811226.483103359
2019-07-02,2019_H2,4873332.05,6516692.697568048,4786134.47,6668477.99315815
2019-07-03,2019_H2,4886424.07,6533014.405650584,4756249.61,6406173.279311644
2019-07-04,2019_H2,1489388.03,3007552.0362265455,1415805.18,2689669.4244074486
2019-07-05,2019_H2,1841931.9,2689417.182341416,1789551.81,2442148.5206825836
2019-07-06,2019_H2,1673667.75,2522214.27035942,1672504.8,2511476.544915879
2019-07-07,2019_H2,2108446.49,2866142.1235454627,2118852.35,2672961.1265761643
2019-07-08,2019_H2,2671803.54,3177604.0905110026,2584413.1,3117917.5288079395
2019-07-09,2019_H2,2568480.24,4480439.802991787,2386535.86,4063482.08130043
2019-07-10,2019_H2,2970737.48,4662684.354108573,2920183.57,4330500.169366771
2019-07-11,2019_H2,3613434.66,5036345.575400047,3602172.41,4719089.389235233
2019-07-12,2019_H2,2385921.03,4447389.008184376,2226726.44,4266626.942176184
2019-07-13,2019_H2,2098969.4,3919571.7291397313,1932133.96,3770192.3722942467
2019-07-14,2019_H2,2644124.5,4443685.643279479,2456787.05,4111907.8820838444
2019-07-15,2019_H2,2978181.99,4473406.946735041,2929468.55,4184821.127655398
2019-07-16,2019_H2,3187013.74,5071406.417833798,3153087.05,4652780.575537179
2019-07-17,2019_H2,3959202.82,5707591.641479789,3896487.16,5223260.113021966
2019-07-18,2019_H2,3615222.41,5978503.184575556,3550288.82,5535343.985763731
2019-07-19,2019_H2,2386618.42,5041475.8876718385,2254762.11,4633988.262760088
2019-07-20,2019_H2,3483966.92,4454656.682017982,3119293.47,3937567.4142290214
2019-07-21,2019_H2,2833440.98,4715425.862663157,2457034.76,4082246.408953227
2019-07-22,2019_H2,3439033.06,4986694.6419070875,2731287.61,4199850.826131063
2019-07-23,2019_H2,3417186.56,5580423.078612241,2643724.49,4516663.375843911
2019-07-24,2019_H2,4684554.37,6482189.849206033,3722991.01,5265141.808151582
2019-07-25,2019_H2,4181297.47,6811649.328679567,3389253.8,5592062.6545352135
2019-07-26,2019_H2,2974387.4,5532931.290603779,2282672.9,4580969.723622723
2019-07-27,2019_H2,2400455.83,4656461.268902165,1937294.99,3732902.166626217
2019-07-28,2019_H2,3130479.33,6121572.355706935,2444819.96,4938107.965624675
2019-07-29,2019_H2,3105749.62,7362555.9583495725,2493332.47,5972642.1400159355
2019-07-30,2019_H2,3330499.22,9145209.562365314,3199104.79,7786994.03863588
2019-07-31,2019_H2,5525632.29,10398050.898819383,6089074.09,9682374.4449625
2019-08-01,2019_H2,4455488.15,11970073.13811092,5321254.35,11652444.244143179
2019-08-02,2019_H2,3938923.04,7623723.6516780825,4562144.93,8231913.518744838
2019-08-03,2019_H2,2470651.33,6101979.169930202,3392027.67,6473151.0545128565
2019-08-04,2019_H2,2494912.22,3835951.190314899,3600849.09,3850594.723732603
2019-08-05,2019_H2,1043419.2,3364086.0323423278,1459268.06,3388186.424628127
2019-08-06,2019_H2,1858125.18,3323371.104446906,2640605.83,3348488.8217031113
2019-08-07,2019_H2,2612652.22,3435720.234388994,3641188.5,3458779.061255423
2019-08-08,2019_H2,2075506.82,3316095.592822084,2794288.53,3436377.2945462465
2019-08-09,2019_H2,1373112.09,3406150.5990913017,1937571.87,3242791.8256104183
2019-08-10,2019_H2,1564845.37,3002445.192953655,2196994.14,2919022.2032198953
2019-08-11,2019_H2,2346475.31,3300000.248059079,3292514.02,3275414.678502072
2019-08-12,2019_H2,1668045.94,3454582.4358468177,2290560.15,3431672.0604834063
2019-08-13,2019_H2,1490813.69,3891595.1829836974,2171947.13,3802941.9763018447
2019-08-14,2019_H2,3101196.53,4109568.086446044,4169515.66,4229408.745197849
2019-08-15,2019_H2,2478038.89,4245198.214092532,3512738.3,4419781.01400862
2019-08-16,2019_H2,1829640.99,3807554.576278588,2493094.05,3800329.1662198473
2019-08-17,2019_H2,2003878.36,3525358.190970804,2733913.19,3502676.9130139416
2019-08-18,2019_H2,1947390.84,3749059.088549991,2839386.72,3620080.363656332
2019-08-19,2019_H2,2333967.14,3774949.949922188,3290384.64,3713731.992692233
2019-08-20,2019_H2,2278154.51,4040060.1457735216,3059344.57,3975119.036918072
2019-08-21,2019_H2,2902500.19,4408368.699926086,3975109.52,4516648.540042462
2019-08-22,2019_H2,3279690.88,4460017.871240543,4303594.26,4668252.628352132
2019-08-23,2019_H2,1923531.37,3947775.4345692545,2481146.96,3993079.4763684254
2019-08-24,2019_H2,1741999.11,3558325.543166127,2380723.06,3490508.2709624125
2019-08-25,2019_H2,2343821.96,3946867.1922493884,2973037.78,3781446.320401158
2019-08-26,2019_H2,1566162.85,4136960.611192487,2092259.75,4127574.27522677
2019-08-27,2019_H2,2452198.24,5027656.231978748,3395896.49,4972213.336383008
2019-08-28,2019_H2,5201709.9,8132307.611767452,7205663.14,8122335.597017259
2019-08-29,2019_H2,4504012.62,9226076.687007088,6055206.11,9018410.74387472
2019-08-30,2019_H2,5157053.02,8284318.359811876,6765323.43,8067745.127609065
2019-08-31,2019_H2,5057671.9,8192598.668469407,6368386.98,8207652.519979574
2019-09-01,2019_H2,4505538.06,6656321.720551962,5575548.49,6486932.2985843085
2019-09-02,2019_H2,1524133.27,3483903.6628998006,1524323.94,3306100.539813378
2019-09-03,2019_H2,1594821.11,3342612.825224214,1372800.55,3049905.891984628
2019-09-04,2019_H2,870213.71,3151173.5076641156,795474.98,2772694.717358283
2019-09-05,2019_H2,1849227.68,2995071.384003015,1737296.3,2589912.1326644015
2019-09-06,2019_H2,2055566.63,3038910.0377192167,1816545.14,2585737.3811195563
2019-09-07,2019_H2,2056135.02,3153207.4187235883,1821442.12,2732328.551202754
2019-09-08,2019_H2,2799308.76,3436603.5583184436,2590587.34,3016412.2340970403
2019-09-09,2019_H2,3586421.12,4035161.5343083143,3025750.34,3747983.967071701
2019-09-10,2019_H2,2327550.31,4004457.2318502497,2102928.06,3478179.535503238
2019-09-11,2019_H2,2579418.47,3770105.5374908037,2224939.94,3297234.0833081757
2019-09-12,2019_H2,2239528.24,3620823.393655139,2055638.17,3178566.3713429784
2019-09-13,2019_H2,2602979.12,3567795.2968529533,2360984.02,3178820.3876680834
2019-09-14,2019_H2,2471379.44,3743458.7284727963,2104170.27,3360955.0424580197
2019-09-15,2019_H2,2704686.82,3947547.3065723297,2355376.75,3533378.9012671043
2019-09-16,2019_H2,3377677.52,4399420.524904009,3056070.46,3886750.9781039283
2019-09-17,2019_H2,2208634.91,4272960.24089946,1901278.99,3704343.8846135186
2019-09-18,2019_H2,2218355.01,3942905.4686423987,1872520.36,3407851.7557996614
2019-09-19,2019_H2,2750834.47,3735642.7860848857,2383301.79,3260935.6886096373
2019-09-20,2019_H2,1849923.37,3729455.9231433393,1616131.82,3358060.0654420336
2019-09-21,2019_H2,3723308.64,3849518.442747998,3312576.87,3445799.8603516896
2019-09-22,2019_H2,3164897.45,3973856.864601822,2715456.74,3617736.455532945
2019-09-23,2019_H2,3099449.09,4640071.803030215,2787237.94,4129693.478657782
2019-09-24,2019_H2,2947408.34,4375257.63013157,2515101.0,3824021.16438552
2019-09-25,2019_H2,2898334.29,4976049.9565146975,2483117.25,4412269.160671106
2019-09-26,2019_H2,2908501.91,5085240.940748794,2610054.46,4475931.109556798
2019-09-27,2019_H2,3950186.78,5218737.404093977,3564014.93,4490429.100299867
2019-09-28,2019_H2,3814692.18,5760023.548165832,3453282.93,4949888.998963826
2019-09-29,2019_H2,4292493.62,6025495.383842974,3763429.08,5195160.407208325
2019-09-30,2019_H2,4319120.35,6215486.560568712,3566624.12,5431801.721032973
2019-10-01,2019_H2,3461580.0,4903332.278282203,2846842.32,4141020.141547514
2019-10-02,2019_H2,1385364.76,2643035.4003373776,1073130.28,2151505.044340999
2019-10-03,2019_H2,1326788.68,2475863.26422871,1033086.86,1952664.9690579707
2019-10-04,2019_H2,1866207.62,2605812.5076017533,1478185.6,2112250.977378208
2019-10-05,2019_H2,1911023.55,2797177.045655443,1500730.35,2312209.242542446
2019-10-06,2019_H2,2387439.44,3076388.9551438903,1819262.68,2487005.8988363305
2019-10-07,2019_H2,1999285.69,3373110.0795835657,1511800.84,2694013.1706899134
2019-10-08,2019_H2,1470915.7,3513000.9737662696,1203719.05,2772195.0429076725
2019-10-09,2019_H2,1397689.65,3344425.806845,1162543.67,2631153.032962894
2019-10-10,2019_H2,1458507.56,3217280.9290555166,1177103.47,2584894.15830299
2019-10-11,2019_H2,2040409.76,3038516.450469393,1602691.87,2379447.8259141436
2019-10-12,2019_H2,1557560.26,3301410.86185461,1243446.67,2690241.1287316815
2019-10-13,2019_H2,2002257.12,3648851.1794533944,1582043.04,2959708.5639019506
2019-10-14,2019_H2,1775994.7,4041278.4497018633,1462978.37,3303405.339407348
2019-10-15,2019_H2,2018887.59,4088639.272567291,1548517.17,3307701.880674671
2019-10-16,2019_H2,1464108.41,3641646.0042736996,1141541.16,2931303.1161218737
2019-10-17,2019_H2,1372058.65,3235978.7089367835,1046890.17,2572866.82909604
2019-10-18,2019_H2,1653633.26,3205209.9040325256,1278811.6,2591993.266383659
2019-10-19,2019_H2,2811323.63,3300465.526729708,2269521.38,2664916.238145717
2019-10-20,2019_H2,2844841.01,3620186.5872659255,2392660.05,2909390.3784096525
2019-10-21,2019_H2,2711153.32,4035879.7479253905,2148763.37,3239864.920164327
2019-10-22,2019_H2,2214683.33,3949210.9036014993,1838977.01,3192185.666078738
2019-10-23,2019_H2,1759141.45,3720302.2630670913,1358481.77,2946751.670735728
2019-10-24,2019_H2,2022900.04,3218242.0918139922,1666320.71,2501766.2871617237
2019-10-25,2019_H2,3187144.16,3301649.9462174345,2421364.94,2607432.700322288
2019-10-26,2019_H2,2566324.34,3397653.762027254,2091249.47,2792723.9644852723
2019-10-27,2019_H2,2753908.73,4274271.998952106,2215124.51,3624431.0765074063
2019-10-28,2019_H2,4549329.18,5859418.457687979,3685783.91,4749346.908085546
2019-10-29,2019_H2,4173624.95,6494522.1595437275,3482498.58,5286085.559871985
2019-10-30,2019_H2,4011152.34,5975869.93610299,3303293.41,4859807.420596285
2019-10-31,2019_H2,3902622.14,5384419.243309956,3200919.46,4255848.403552524
2019-11-01,2019_H2,2457372.77,4386906.940659348,1859550.39,3529860.8640051316
2019-11-02,2019_H2,1251673.78,2751884.0609524273,1011108.33,2169960.1186761474
2019-11-03,2019_H2,1429798.26,2495384.3581528687,1038587.83,1931046.6206064587
2019-11-04,2019_H2,1262571.36,2624475.124971688,995581.04,2127684.3644832447
2019-11-05,2019_H2,1612667.27,2732339.3220429304,1321321.71,2250095.5982739534
2019-11-06,2019_H2,1293265.9,2529908.799918815,977612.75,2077115.9317628285
2019-11-07,2019_H2,1946539.7,2488459.7024363726,1520179.67,1997872.6103694895
2019-11-08,2019_H2,1109713.24,2473199.431916924,903061.67,1962932.9800367225
2019-11-09,2019_H2,2311380.72,2689107.504697376,1875909.56,2161443.04972586
2019-11-10,2019_H2,3011648.48,3200112.1618354293,2352435.67,2549321.5748010795
2019-11-11,2019_H2,2092297.23,3539723.574318954,1711092.76,2873793.720754616
2019-11-12,2019_H2,2105090.82,3432453.361672033,1720904.41,2724010.3880654476
2019-11-13,2019_H2,2427345.64,3028852.893404465,1997625.77,2440077.704739686
2019-11-14,2019_H2,2269908.4,3032928.823709643,1766713.41,2381845.03946963
2019-11-15,2019_H2,2141001.63,2971377.5659979694,1662947.41,2349907.4180280687
2019-11-16,2019_H2,1941582.58,3042732.187552327,1536690.27,2468814.2558661127
2019-11-17,2019_H2,2590750.35,3224329.0958304815,2104287.3,2653263.9904782944
2019-11-18,2019_H2,2099691.1,3132335.1389053827,1835944.86,2666128.1952763926
2019-11-19,2019_H2,1303736.25,3003971.7891909177,1077699.56,2574912.3978903377
2019-11-20,2019_H2,1211508.93,2621190.4777086293,1056017.89,2309744.3976103314
2019-11-21,2019_H2,1758120.57,2437890.3861659104,1675422.59,2254768.033607097
2019-11-22,2019_H2,1717259.82,2320778.975899023,1683212.87,2194004.422159509
2019-11-23,2019_H2,1275541.97,2267498.454529774,1314745.82,2158628.021095969
2019-11-24,2019_H2,1513582.11,2452767.509693936,1601636.32,2310676.945416197
2019-11-25,2019_H2,1823713.36,2588572.457964569,1796200.75,2541542.937503567
2019-11-26,2019_H2,1658805.72,2955856.212067455,1632988.64,2788548.2162869712
2019-11-27,2019_H2,1673862.79,3468765.1284511345,1730384.96,3281457.8244851367
2019-11-28,2019_H2,2283224.58,3555043.833792121,2385990.97,3518230.038577831
2019-11-29,2019_H2,1727675.92,3297292.486315493,1763358.52,3179362.389111147
2019-11-30,2019_H2,1706944.78,3388966.93589228,1590980.52,3325154.6334448243
2019-12-01,2019_H2,1570052.1,2483618.623366032,1541270.84,2617781.3581130644
2019-12-02,2019_H2,939051.09,1773121.3703693673,913949.28,1654956.179780499
2019-12-03,2019_H2,1049432.49,1739856.623334763,1050128.15,1589145.082875931
2019-12-04,2019_H2,808148.29,1755458.6077713962,776278.66,1760964.9665116826
2019-12-05,2019_H2,584316.21,1733934.0048732953,549261.88,1676638.3378188703
2019-12-06,2019_H2,1028672.61,1749624.4773314192,965955.9,1688091.379759433
2019-12-07,2019_H2,1004670.88,1789462.2282163843,991134.01,1721193.6987578962
2019-12-08,2019_H2,992442.58,1996958.8177970836,1015934.13,1916166.028484309
2019-12-09,2019_H2,1419175.87,2367096.6788923424,1414450.62,2301370.280976304
2019-12-10,2019_H2,902926.09,2621375.335600074,843652.61,2435459.0785671384
2019-12-11,2019_H2,1013400.28,2418895.4208056303,984737.87,2446643.605440804
2019-12-12,2019_H2,928048.97,2726170.4970637984,925066.67,2598767.9556723195
2019-12-13,2019_H2,1377941.74,2425817.729872796,1350365.69,2326181.5336487303
2019-12-14,2019_H2,1133983.1,2493681.883960468,1100467.71,2346670.8782268213
2019-12-15,2019_H2,1178357.1,2673273.7495468827,1177403.13,2540551.7130000424
2019-12-16,2019_H2,2441615.29,2925773.595314886,2435335.9,2831515.3625278897
2019-12-17,2019_H2,1509802.09,3076488.609896552,1466889.03,2925090.3079517633
2019-12-18,2019_H2,1081751.46,2893703.760155855,1118946.01,2792954.2730945405
2019-12-19,2019_H2,1755344.65,2649939.857376566,1729566.17,2626989.1977838743
2019-12-20,2019_H2,1591897.49,2760738.3666215874,1519651.21,2744369.8269275976
2019-12-21,2019_H2,1604411.0,2773357.4665501043,1557139.8,2710120.10061385
2019-12-22,2019_H2,1998393.15,2753094.465573911,2053342.91,2742594.580186462
2019-12-23,2019_H2,1553261.7,2777091.071172008,1489890.38,2585629.4988408578
2019-12-24,2019_H2,1516895.67,2614580.1975782868,1497007.31,2473868.5089677027
2019-12-25,2019_H2,1299670.93,2889241.9896403374,1288364.93,2757677.6762894616
2019-12-26,2019_H2,962186.25,3076645.9815470427,831064.78,2952683.236106865
2019-12-27,2019_H2,2014300.3,3591631.7598947645,2077708.75,3379757.9731670893
2019-12-28,2019_H2,3502828.06,5363773.931606251,3565984.26,5224933.498163581
2019-12-29,2019_H2,3313547.73,6713723.019773388,3269447.73,6215124.661048474
2019-12-30,2019_H2,3576704.95,5714435.148486847,3493583.35,5460794.658559743
2019-12-31,2019_H2,2778326.07,6263840.112034749,2777906.18,5881424.564650853
2022-01-01,2022_H1,2932155.47,2378379.920211484,3019583.5,2159273.7357527167
2022-01-02,2022_H1,2361965.0,1361466.1205973793,2368851.11,1127841.5996036201
2022-01-03,2022_H1,545563.72,1519764.9141078442,476501.31,1261091.0904439082
2022-01-04,2022_H1,1242319.38,1334712.4441966051,1057834.07,1132313.4273334006
2022-01-05,2022_H1,809977.6,1189903.4278935771,684605.3,1000433.1548448026
2022-01-06,2022_H1,993048.62,1225232.9214476552,827696.4,1023606.1871227805
2022-01-07,2022_H1,1294963.64,1530217.6919934475,1109631.82,1254323.54390642
2022-01-08,2022_H1,1641747.05,1636790.1198588654,1369252.03,1385376.2105769217
2022-01-09,2022_H1,1706485.37,1779656.200758175,1491356.56,1423423.7511298186
2022-01-10,2022_H1,2569113.21,1814295.9036641722,2158709.88,1448217.8287263466
2022-01-11,2022_H1,1640806.35,1639146.844181875,1336967.26,1332063.2117517195
2022-01-12,2022_H1,1775526.5,1541894.9452779647,1506945.6,1258542.3648017203
2022-01-13,2022_H1,1173172.99,1525198.2604025393,946254.56,1325175.4423474749
2022-01-14,2022_H1,1548726.82,1566094.0601827851,1300219.1,1349823.6775408124
2022-01-15,2022_H1,1461990.71,1743882.2368886014,1263054.33,1467293.7425823822
2022-01-16,2022_H1,2064339.13,2028597.4285355532,1781850.02,1661175.928097222
2022-01-17,2022_H1,1621773.2,2273408.333494537,1340632.16,1824283.2364075487
2022-01-18,2022_H1,1861205.18,1896125.5781103773,1606509.55,1483734.1686691474
2022-01-19,2022_H1,2020862.53,1489634.5402009005,1738187.82,1175378.919043003
2022-01-20,2022_H1,1249233.56,1738273.5408896063,1043117.49,1373846.0168341007
2022-01-21,2022_H1,1580948.85,1829814.965575687,1245282.02,1448241.5858163335
2022-01-22,2022_H1,1758593.8,1995172.6372572067,1468639.94,1602661.0336541487
2022-01-23,2022_H1,1785338.17,2250325.1261638766,1512426.38,1794446.6350113214
2022-01-24,2022_H1,1915906.28,2618888.0080700032,1601822.71,2084610.7656824123
2022-01-25,2022_H1,2471179.3,2276520.4009484416,1957064.07,1792489.3983246975
2022-01-26,2022_H1,2278973.82,1913811.1695131534,1903209.07,1591715.878158411
2022-01-27,2022_H1,1604489.99,2322668.429756802,1290075.13,1929738.7551392885
2022-01-28,2022_H1,2792317.48,2581128.7800274757,2306948.5,2040748.8566877395
2022-01-29,2022_H1,3897632.5,2819112.5090502594,3247780.03,2136039.577675338
2022-01-30,2022_H1,3903300.55,3143986.0459959516,3262713.48,2595350.8742795177
2022-01-31,2022_H1,3159829.55,3231104.7175935316,2627738.4,2667895.3244410725
2022-02-01,2022_H1,3672475.88,2465008.3872262714,3092119.13,2142289.8525300445
2022-02-02,2022_H1,3072419.17,1432560.2301323707,2457270.01,1137392.7016494412
2022-02-03,2022_H1,1056919.3,1447796.9216702986,915391.24,1220540.768912494
2022-02-04,2022_H1,1135262.35,1704383.3649978514,959597.02,1379937.6505480865
2022-02-05,2022_H1,1325806.77,1902997.2805662877,1094262.79,1521990.1147002107
2022-02-06,2022_H1,1360544.32,2108620.9440273596,1086414.25,1722718.499337759
2022-02-07,2022_H1,1777072.87,2185413.902350511,1505671.69,1788043.5467198575
2022-02-08,2022_H1,2324022.32,1919582.650108153,1858719.97,1568589.696672727
2022-02-09,2022_H1,2087968.13,1741870.1517849083,1716217.3,1432692.9393121502
2022-02-10,2022_H1,1681958.09,1823020.6411888986,1377183.24,1507020.7462631082
2022-02-11,2022_H1,1868277.55,2116692.0370785673,1450465.3,1778556.3197545744
2022-02-12,2022_H1,2483675.48,2369231.6250464213,2002526.57,1939465.3171359366
2022-02-13,2022_H1,2471088.82,2784113.403858997,2037847.39,2243960.4450533497
2022-02-14,2022_H1,2477651.08,2914263.9549077754,2066561.36,2355949.842189192
2022-02-15,2022_H1,2911470.49,2413251.307596787,2304155.38,1905533.0940596866
2022-02-16,2022_H1,3189077.73,2277258.7379494347,2624063.44,1798900.0929775792
2022-02-17,2022_H1,2365001.98,2223001.9306942723,1930644.21,1788664.6290241596
2022-02-18,2022_H1,2218074.92,2290230.781245494,1902787.38,1813442.9791538133
2022-02-19,2022_H1,2497284.24,2362978.0268544937,2073056.25,1967762.639185033
2022-02-20,2022_H1,3274514.0,2851096.431845719,2808978.4,2342644.1194990412
2022-02-21,2022_H1,3231879.49,3286689.506913951,2662096.96,2750150.9823463904
2022-02-22,2022_H1,3646117.64,3017783.624460411,3080342.28,2517012.4429807216
2022-02-23,2022_H1,3297595.34,3238813.6892401827,2768284.27,2662938.8173212633
2022-02-24,2022_H1,2768850.97,3101297.053766058,2337359.85,2552514.9159610365
2022-02-25,2022_H1,2943786.98,3714090.5349847614,2445090.2,3178718.4733294114
2022-02-26,2022_H1,6304749.98,3503089.7239945903,4896174.07,3027146.468084856
2022-02-27,2022_H1,5652340.75,3673017.820810411,4889448.26,3146543.0641458845
2022-02-28,2022_H1,6007208.86,3921924.1272883583,4942844.92,3130756.0571952676
2022-03-01,2022_H1,4532724.33,1517418.200772271,3774772.1,1240022.4300751202
2022-03-02,2022_H1,5221766.09,1072696.5588884673,4446394.75,865948.1191494307
2022-03-03,2022_H1,1113577.08,1286705.0847159578,936517.95,1082878.261160017
2022-03-04,2022_H1,1265611.41,1555358.3525551078,1001621.35,1249637.489137669
2022-03-05,2022_H1,1917604.21,1664518.4443753269,1671253.56,1350086.7161722442
2022-03-06,2022_H1,2406752.08,2220491.9995393977,1881208.83,1823343.573525475
2022-03-07,2022_H1,3077438.94,2337835.8032246702,2603663.56,1949218.9268597744
2022-03-08,2022_H1,3777839.97,2535295.2696132166,3199498.52,2107314.2361891773
2022-03-09,2022_H1,4138590.91,3372166.0651683873,3354044.48,2689793.5939592584
2022-03-10,2022_H1,3544992.79,3419238.8607511036,2897669.69,2720243.9000745006
2022-03-11,2022_H1,3499825.21,3253175.933901595,2868355.02,2591737.519176486
2022-03-12,2022_H1,3731020.06,2891916.918588074,3230097.43,2352862.114265896
2022-03-13,2022_H1,4026635.22,3039837.504968306,3346220.86,2445367.993979149
2022-03-14,2022_H1,4709281.9,3464093.505785539,3928279.43,2858078.5125725386
2022-03-15,2022_H1,4619237.89,3717343.098529214,3907599.13,3048252.1184386695
2022-03-16,2022_H1,4519934.96,4421396.863891887,3787149.37,3656445.295784626
2022-03-17,2022_H1,5222281.22,4682265.732861449,4421275.88,4001728.5047367616
2022-03-18,2022_H1,4426435.98,3961034.721000311,3648313.01,3357443.5167275495
2022-03-19,2022_H1,4313906.61,3404570.261561505,3587200.12,2927965.112408011
2022-03-20,2022_H1,4198964.15,3493927.458995588,3744253.09,2990865.3339678748
2022-03-21,2022_H1,4036051.82,3864546.6978900805,3737447.21,3378393.39924872
2022-03-22,2022_H1,4626820.15,4211972.240180082,4342565.79,3686935.8826203556
2022-03-23,2022_H1,5301842.45,4821944.790904136,4915987.31,4307653.052473791
2022-03-24,2022_H1,5052034.89,5033118.811139167,4744310.26,4536920.868267525
2022-03-25,2022_H1,4122489.22,4283147.511106282,4014534.97,3707200.7363928854
2022-03-26,2022_H1,4325007.4,3641498.7007120335,4010228.32,3223178.0669628396
2022-03-27,2022_H1,5169170.11,3934299.5383376162,4775502.11,3490857.857092936
2022-03-28,2022_H1,4855258.01,4357122.978185119,4607293.73,4079871.638650134
2022-03-29,2022_H1,4908504.49,6055382.698600886,4613958.54,5627806.47457606
2022-03-30,2022_H1,11643208.73,9484385.963554394,10896036.48,8765612.88539916
2022-03-31,2022_H1,9233141.0,10220591.53196758,8773718.15,9582613.38774342
2022-04-01,2022_H1,8299060.74,9084468.716770846,8041756.19,8826040.67518618
2022-04-02,2022_H1,8289456.22,8523161.875065314,7808017.19,8459315.569397952
2022-04-03,2022_H1,6547965.12,7623831.458031885,6148445.74,6883055.642837381
2022-04-04,2022_H1,1974536.55,3008083.856507712,1802524.97,2677231.03522359
2022-04-05,2022_H1,3017582.3,3009368.223921084,2782222.29,2822063.7104659006
2022-04-06,2022_H1,2934004.6,3468540.58533529,2645021.55,3241157.031952055
2022-04-07,2022_H1,1947894.58,3211103.022474571,1833343.52,2841833.3539331835
2022-04-08,2022_H1,2516364.3,2796508.078120688,2311523.71,2437664.168544557
2022-04-09,2022_H1,3523261.24,3162336.8615884557,3380510.41,2883529.561534935
2022-04-10,2022_H1,3747690.93,3426840.081329787,3511278.1,3061187.0692037866
2022-04-11,2022_H1,4187283.4,3941583.996361129,3982564.11,3586575.7043810263
2022-04-12,2022_H1,4300020.35,4472934.539073056,4061975.74,4083185.5025325892
2022-04-13,2022_H1,4888627.31,5017590.74386907,4546028.85,4513045.2343527395
2022-04-14,2022_H1,4670014.27,4517400.604574552,4407778.78,3886333.2791938893
2022-04-15,2022_H1,4908291.49,3827004.912504725,4288050.23,3319836.2445896156
2022-04-16,2022_H1,5147946.06,4192033.841050861,4540748.11,3569828.108589351
2022-04-17,2022_H1,4470361.38,4382347.772959299,3877207.22,3659501.1590833813
2022-04-18,2022_H1,3680888.01,4843936.481388152,2995894.73,4030197.4786316426
2022-04-19,2022_H1,4426735.65,5300033.420935931,3630694.51,4393440.282073482
2022-04-20,2022_H1,4874458.71,5923342.706509231,4017615.85,4738400.217758985
2022-04-21,2022_H1,2926459.0,5251887.435566837,2418771.53,4182270.6289132787
2022-04-22,2022_H1,4609506.19,4263517.880695733,3890393.56,3458010.6280570785
2022-04-23,2022_H1,4709847.04,4499414.144582181,3925675.06,3689159.1959575396
2022-04-24,2022_H1,5020542.99,4753696.7715256605,4173556.86,3963869.0552945943
2022-04-25,2022_H1,4873788.42,5847920.241346087,3954819.04,4909129.734180282
2022-04-26,2022_H1,5688161.6,6406868.293197699,4770812.83,5432906.324089433
2022-04-27,2022_H1,5361513.76,7745810.950775141,4376745.35,6520390.843752597
2022-04-28,2022_H1,5590934.3,7864498.383097185,4645081.23,6501722.899612275
2022-04-29,2022_H1,7579535.07,8375334.393504795,6187238.79,6835185.159542723
2022-04-30,2022_H1,6592777.23,8786784.505505346,5405333.92,7106178.53435377
2022-05-01,2022_H1,5680859.44,6881089.589224568,4706859.17,5469987.929568762
2022-05-02,2022_H1,4291036.44,6400800.922341111,3434252.59,4989902.638804478
2022-05-03,2022_H1,5504853.65,5257849.108543865,4531490.74,4385979.031585351
2022-05-04,2022_H1,1792730.62,3129271.213979408,1492900.17,2573659.757013269
2022-05-05,2022_H1,3556300.98,3344455.1804003203,2916616.09,2698740.050667296
2022-05-06,2022_H1,2532060.94,2967009.978446597,2027456.78,2351586.7245414094
2022-05-07,2022_H1,3620303.23,2809028.472653894,3000039.1,2260184.001128604
2022-05-08,2022_H1,2468343.71,3172476.350415747,1923320.47,2537486.946608883
2022-05-09,2022_H1,2985986.67,3877797.037594916,2430054.67,3176972.437784681
2022-05-10,2022_H1,3668495.19,4109829.569211362,2955983.75,3343482.643699115
2022-05-11,2022_H1,4347378.73,4917158.758079325,3521156.43,4060518.748175097
2022-05-12,2022_H1,4753134.02,5029108.748577436,3878195.49,4161429.752792393
2022-05-13,2022_H1,3479131.38,4397254.060300855,2953956.65,3557437.315484505
2022-05-14,2022_H1,4406804.98,4216977.468818273,3730445.32,3413068.5981626734
2022-05-15,2022_H1,4455089.7,4205899.530216512,3604418.84,3363159.573890374
2022-05-16,2022_H1,4323621.35,4545851.805493902,3469983.75,3631509.1044096705
2022-05-17,2022_H1,4158982.96,4867137.225916431,3363524.3,3913980.116420539
2022-05-18,2022_H1,6094171.87,5742270.15255109,4997123.61,4640658.84694046
2022-05-19,2022_H1,5824908.18,5552764.748490227,4737898.72,4435407.473253727
2022-05-20,2022_H1,2226534.2,4784053.693293265,1797128.71,3789437.266201718
2022-05-21,2022_H1,4033154.28,4270314.728008876,3341369.82,3443025.07607193
2022-05-22,2022_H1,5000275.74,4288901.103535257,4124194.76,3487780.0289560556
2022-05-23,2022_H1,3647180.26,4581464.951422853,3055864.88,3707723.59503825
2022-05-24,2022_H1,4442598.36,5027617.453858163,3584450.45,4106611.8057608893
2022-05-25,2022_H1,6573956.43,6195723.386075267,5501922.55,5033320.518254144
2022-05-26,2022_H1,6284218.49,5965757.182355438,5141408.99,4932491.225960504
2022-05-27,2022_H1,3652675.9,5090918.963620706,2933129.2,4178646.642376415
2022-05-28,2022_H1,3223975.84,4833512.849178546,2664148.14,3933851.920488351
2022-05-29,2022_H1,5327455.25,5601442.534225928,4413502.81,4212318.383628791
2022-05-30,2022_H1,8158502.0,8133447.564260909,6931185.72,6786756.312896462
2022-05-31,2022_H1,8513166.37,9814052.260961663,6787523.6,8355252.932794566
2022-06-01,2022_H1,8373363.4,9331608.950925991,7038218.52,7785967.440842358
2022-06-02,2022_H1,8325437.52,9407451.953059824,6796380.79,7271676.744908499
2022-06-03,2022_H1,6585522.44,7894899.310884329,5345747.87,6342935.931549044
2022-06-04,2022_H1,2998952.42,2782049.2024348844,2492875.15,2212377.805180236
2022-06-05,2022_H1,2945501.79,3110844.473663735,2481566.23,2478360.4419359383
2022-06-06,2022_H1,3100859.0,3869917.002457061,2519872.17,3004667.721634062
2022-06-07,2022_H1,3673238.8,3802519.320308905,3096187.02,3107462.393748372
2022-06-08,2022_H1,3686799.9,4444620.481402295,3086016.13,3539711.6085560992
2022-06-09,2022_H1,2619038.14,4214957.676418324,2169844.13,3457535.8235736303
2022-06-10,2022_H1,3369544.01,3756905.254243835,2830537.04,3044354.8142286623
2022-06-11,2022_H1,4463584.56,3863947.211252665,3478666.52,3113708.762947725
2022-06-12,2022_H1,4561669.81,3961523.195877283,3820200.11,3244150.855851297
2022-06-13,2022_H1,4221162.05,4570150.526385836,3579316.15,3681358.998116732
2022-06-14,2022_H1,4843640.76,5155238.158042053,3943051.0,4229790.77339469
2022-06-15,2022_H1,4969823.53,5684814.9055953445,4197066.37,4591292.933076762
2022-06-16,2022_H1,4143877.35,4965978.949812726,3546880.86,4030528.149014686
2022-06-17,2022_H1,4914374.7,4175695.4890908124,4127718.74,3382348.6166518223
2022-06-18,2022_H1,4817780.87,4204327.628817001,3824360.06,3422314.5688549075
2022-06-19,2022_H1,3795086.21,4349093.639655776,3161112.99,3509807.760673577
2022-06-20,2022_H1,3323030.57,4648666.593791823,2753309.16,3833440.254649888
2022-06-21,2022_H1,4271838.09,5275017.771275526,3517936.59,4372049.908388307
2022-06-22,2022_H1,5182306.11,6107753.973988591,4283552.22,4983182.137248014
2022-06-23,2022_H1,3276933.23,5193880.420839833,2698817.37,4211177.557697077
2022-06-24,2022_H1,4334289.08,4210393.99250366,3840132.24,3539575.117046151
2022-06-25,2022_H1,3650772.37,3913634.7592471503,3465656.03,3507591.079672399
2022-06-26,2022_H1,3313898.55,4038408.970978942,3251613.07,3594542.5097029833
2022-06-27,2022_H1,3481464.68,4702199.929936268,3545701.77,4565548.6054040035
2022-06-28,2022_H1,5799352.35,5774194.128658322,5797836.84,5876455.782504515
2022-06-29,2022_H1,7265484.49,7794839.473098526,7471904.08,7705785.985994326
2022-06-30,2022_H1,5503799.91,8225703.186056055,5548808.71,7981545.225846967
2022-07-01,2022_H2,5150082.22,7149872.733180171,5158929.6,6647817.906091401
2022-07-02,2022_H2,4591824.74,4787640.335823426,4681370.69,4764776.410216236
2022-07-03,2022_H2,3487232.0,4293069.2912174985,3467227.39,4020247.9093653196
2022-07-04,2022_H2,1208545.64,1790111.2280561477,1210803.29,1663769.4084089987
2022-07-05,2022_H2,1079245.09,2014932.7917669192,1067117.75,1901542.2541554393
2022-07-06,2022_H2,2003115.26,2473130.5550073413,1958001.67,2410020.3939752216
2022-07-07,2022_H2,2178171.4,2453261.186724173,2191625.58,2615189.3631738173
2022-07-08,2022_H2,1881078.1,2305222.2711345986,1982500.01,2204056.850757888
2022-07-09,2022_H2,1988747.3,2370632.3632627,2091746.39,2275996.6687782723
2022-07-10,2022_H2,2250020.87,2628120.0466350904,2249417.16,2484276.6571914232
2022-07-11,2022_H2,3085208.06,2883010.275123684,3120714.69,2791831.1531591713
2022-07-12,2022_H2,3275001.85,3176779.8591367602,3465716.5,3074345.132032053
2022-07-13,2022_H2,3331997.68,3513268.2175862268,3265956.0,3436554.0295877038
2022-07-14,2022_H2,3428606.64,3905774.2677241205,3482102.84,3699883.192296641
2022-07-15,2022_H2,3272104.3,3359285.802112615,3382105.17,3159268.700526598
2022-07-16,2022_H2,3060600.17,3002025.663064096,3054594.29,2732558.70598185
2022-07-17,2022_H2,3238870.01,3162875.598366453,3239433.47,2844251.409080228
2022-07-18,2022_H2,3305333.1,3323306.9236106877,3363292.96,2961084.219457251
2022-07-19,2022_H2,3101945.44,3637711.9052872006,3019090.18,3209209.2775553185
2022-07-20,2022_H2,3436240.82,4120616.908458505,3222539.9,3670095.6089238413
2022-07-21,2022_H2,3596036.01,4305827.874703136,3119249.05,3763491.089392013
2022-07-22,2022_H2,2771453.13,3612596.276047455,2364982.84,3169301.8967847005
2022-07-23,2022_H2,4190232.53,3074537.403797847,3612754.83,2670736.580370433
2022-07-24,2022_H2,3833852.9,3279502.6260437667,3118207.38,2782586.0683489824
2022-07-25,2022_H2,2614143.21,3525822.113885712,2099890.98,2939148.656144535
2022-07-26,2022_H2,3176075.37,4024545.701989645,2651641.17,3264383.604374092
2022-07-27,2022_H2,4214912.76,4905792.89382189,3467925.47,3990193.385272545
2022-07-28,2022_H2,4859620.98,5737984.586291106,3942867.94,4715094.782102974
2022-07-29,2022_H2,3226100.81,5495113.1871515475,2681143.22,4495967.813197547
2022-07-30,2022_H2,2682461.47,5424960.681869455,2137462.32,4645731.760427694
2022-07-31,2022_H2,4622917.86,5953038.81289194,3735517.99,5144626.1363134235
2022-08-01,2022_H2,4081818.17,6228706.87407119,3201046.8,5726855.107342327
2022-08-02,2022_H2,4490226.96,4961204.43483836,3711709.11,4785189.286066334
2022-08-03,2022_H2,5085558.26,4889272.06598563,4209543.55,5041580.132501014
2022-08-04,2022_H2,4345026.44,3081469.87492817,3614349.89,3048500.886221424
2022-08-05,2022_H2,2114789.45,2342925.5511752088,1780212.48,2413496.0608296995
2022-08-06,2022_H2,2325289.52,2029999.50049497,2017328.21,2043011.0729637076
2022-08-07,2022_H2,2331541.43,2210309.306728094,1882527.46,2169897.6325381836
2022-08-08,2022_H2,3054473.91,2274066.7169127925,2576748.48,2264366.8765828963
2022-08-09,2022_H2,2488386.71,2580608.1500898674,1932711.49,2561701.980971417
2022-08-10,2022_H2,2963483.62,2808344.9975431347,2399743.47,2789755.36587701
2022-08-11,2022_H2,3674343.1,2941640.850401604,3109434.98,2993251.598822116
2022-08-12,2022_H2,2787707.25,2618874.3669952573,2241846.4,2611705.911413528
2022-08-13,2022_H2,1789226.45,2361460.1122883433,1446390.99,2409109.7730063256
2022-08-14,2022_H2,2557373.24,2546111.3279768685,2109123.95,2547239.127994042
2022-08-15,2022_H2,3869248.63,2550695.773418466,3309171.5,2613072.8431752175
2022-08-16,2022_H2,3139997.28,2753386.6242919816,2622848.5,2834927.370891449
2022-08-17,2022_H2,3480892.06,3007533.2411341346,2948849.64,3178077.1597476043
2022-08-18,2022_H2,4171974.77,3147975.4793641483,3471070.42,3284361.61744737
2022-08-19,2022_H2,2011108.63,2764225.1021111743,1643391.76,2823622.9943234455
2022-08-20,2022_H2,2479005.37,2501609.400198764,2092133.98,2536845.9904059577
2022-08-21,2022_H2,2235990.02,2675229.2850313927,1905397.24,2639740.8177846447
2022-08-22,2022_H2,3743695.22,2676383.327211819,3095599.8,2659296.2553700353
2022-08-23,2022_H2,2422220.1,2822592.419335343,1951701.71,2795822.393166203
2022-08-24,2022_H2,3292983.26,3122438.3356212936,2679505.93,3283155.037878731
2022-08-25,2022_H2,3512475.16,3397728.9513474912,2996327.54,3503206.2705529844
2022-08-26,2022_H2,3544046.7,2940619.362260962,2980867.4,2977213.3269368475
2022-08-27,2022_H2,2367664.33,2953488.685612875,1897436.06,2881187.680221853
2022-08-28,2022_H2,7051722.27,5072090.963781628,5879145.36,4867000.946164407
2022-08-29,2022_H2,7928796.83,5519756.762217237,6503005.43,5307531.187247016
2022-08-30,2022_H2,6574345.89,6313386.640795892,5482415.72,6368181.104982695
2022-08-31,2022_H2,7627532.44,6927670.335132077,6341793.09,7218926.878868654
2022-09-01,2022_H2,6284732.49,5175460.298514264,5155753.38,4792102.112263978
2022-09-02,2022_H2,1902817.9,1995382.2458625461,1746845.19,1942859.780176386
2022-09-03,2022_H2,1443083.36,2210467.08672445,1319555.66,2037227.979301835
2022-09-04,2022_H2,1814811.35,2186534.214894255,1668265.18,1996082.5353509025
2022-09-05,2022_H2,2214621.47,2529778.967972139,2091481.45,2279507.2013615086
2022-09-06,2022_H2,1440405.44,2483662.2385299876,1324005.11,2265678.93547919
2022-09-07,2022_H2,1890879.55,2293909.3334032283,1717460.94,1986042.3463299472
2022-09-08,2022_H2,3137260.99,2221926.601422293,2854328.48,1961638.2163321506
2022-09-09,2022_H2,1905843.43,2467785.6770651396,1773901.8,2228376.717934519
2022-09-10,2022_H2,3003150.84,2449548.4866366256,2629180.97,2167685.2601513183
2022-09-11,2022_H2,3574194.77,2746672.7933162516,3355823.68,2473802.809155902
2022-09-12,2022_H2,3415849.51,3208607.5710191056,3102681.39,2797623.7110942644
2022-09-13,2022_H2,2521208.91,3036108.830289933,2449598.89,2683439.951592834
2022-09-14,2022_H2,2125189.04,2728331.6451208713,1992207.12,2379333.207763663
2022-09-15,2022_H2,3154006.65,2617501.162797559,2833555.37,2287968.6441795407
2022-09-16,2022_H2,2557894.76,2603644.9546211264,2402816.85,2319248.510919715
2022-09-17,2022_H2,1810510.0,2698542.8431594074,1735920.18,2398545.2346241972
2022-09-18,2022_H2,2355578.71,2861953.993019185,2098692.33,2567405.2942080395
2022-09-19,2022_H2,2832515.44,3242009.7243340667,2618684.64,2874191.243547747
2022-09-20,2022_H2,1813002.77,3022079.5312189003,1685796.46,2690931.7404449666
2022-09-21,2022_H2,2262085.02,2852872.857456066,2156585.58,2437668.2162763937
2022-09-22,2022_H2,3106149.95,2764525.642159753,2910964.29,2377702.21677148
2022-09-23,2022_H2,2634119.24,2668309.388760032,2453809.45,2362457.755097261
2022-09-24,2022_H2,2896411.14,2816654.942452566,2694695.72,2480446.2391552217
2022-09-25,2022_H2,3041369.47,3257733.6678712,2753150.12,2953243.7021091683
2022-09-26,2022_H2,5205389.57,3785002.211069802,4849044.63,3508425.4217882566
2022-09-27,2022_H2,4259834.95,4184080.46627092,3803492.23,3907812.0049450835
2022-09-28,2022_H2,4257301.76,4379811.961189746,3860995.61,3970920.4931773767
2022-09-29,2022_H2,4352754.23,4352110.70394538,4023586.93,3739061.0319146607
2022-09-30,2022_H2,2551313.88,4071614.709586121,2332362.64,3420932.380222222
2022-10-01,2022_H2,1469771.93,3035998.0946768653,1293984.1,2465096.7099927436
2022-10-02,2022_H2,1289798.82,1900824.0186174633,1015484.47,1526971.3363001123
2022-10-03,2022_H2,2179072.88,1883821.302159063,1799910.69,1507996.6610631333
2022-10-04,2022_H2,2751920.12,2079708.057071546,2302490.12,1701083.5065821367
2022-10-05,2022_H2,1527341.84,2099692.5179890166,1209546.76,1655097.43070815
2022-10-06,2022_H2,2026518.43,1933581.3366299006,1678609.18,1534294.8195064883
2022-10-07,2022_H2,1406363.3,1843332.632419414,1112130.94,1454773.7664920692
2022-10-08,2022_H2,2137543.63,1968962.79235506,1805932.34,1550654.0146396859
2022-10-09,2022_H2,1805775.79,2289314.7582259034,1488842.7,1798679.7914180998
2022-10-10,2022_H2,2356440.12,2601885.185862641,1975941.69,2053336.622978732
2022-10-11,2022_H2,2270162.6,2490699.624272309,1955651.17,2017026.1860086822
2022-10-12,2022_H2,1976207.14,2548504.7967910627,1617749.24,2027080.8586059944
2022-10-13,2022_H2,2430819.33,2276842.060890662,1940628.06,1811211.7884177251
2022-10-14,2022_H2,1927818.67,2272578.036962858,1586067.15,1797803.8137492072
2022-10-15,2022_H2,1986495.19,2296532.3285381086,1576156.75,1836543.519591454
2022-10-16,2022_H2,1897952.11,2498740.1068132864,1655869.65,2011950.9690342133
2022-10-17,2022_H2,2507328.8,2658333.601945388,2119354.36,2180764.715020323
2022-10-18,2022_H2,3170696.65,2730326.890209206,2645141.42,2185905.1052657375
2022-10-19,2022_H2,2324314.45,2559447.495590438,1931007.25,2082054.0615570522
2022-10-20,2022_H2,2591151.06,2315049.55325379,2095872.66,1865075.7281379704
2022-10-21,2022_H2,2662328.56,2243164.6648118817,2201489.2,1831384.5061800466
2022-10-22,2022_H2,2407124.47,2274768.9394394,1949055.98,1882815.991954115
2022-10-23,2022_H2,1971627.46,2396155.804433227,1628494.03,1975376.1706095007
2022-10-24,2022_H2,2678456.17,2593953.468453505,2245907.36,2165426.018985023
2022-10-25,2022_H2,3003375.87,3088813.116473751,2373976.27,2260245.428672414
2022-10-26,2022_H2,2345490.55,3216130.6492431085,1902512.75,2371917.2997093373
2022-10-27,2022_H2,2493935.72,2939159.7436593124,2087492.57,2335819.111386138
2022-10-28,2022_H2,4210212.53,3533165.740080065,3513694.7,2927640.9289809065
2022-10-29,2022_H2,3626939.26,3562311.942045708,2918150.87,2973705.7025507353
2022-10-30,2022_H2,3130677.4,3952353.418854307,2518990.77,3321458.162186759
2022-10-31,2022_H2,4630791.46,4218315.330393998,3823758.6,3421109.3675354305
2022-11-01,2022_H2,3025164.28,3690479.1051637176,2504688.31,3094462.5890055615
2022-11-02,2022_H2,1338326.56,1663052.3862563232,1136192.76,1370205.1035956535
2022-11-03,2022_H2,1253721.23,1529075.8601125395,994106.82,1191965.2169024458
2022-11-04,2022_H2,1065066.0,1461711.0023002229,908402.36,1198464.8837329734
2022-11-05,2022_H2,1826120.07,1661275.8422121578,1592683.79,1376835.1106160579
2022-11-06,2022_H2,2207719.98,1840445.3136969693,1750011.7,1490917.9380101487
2022-11-07,2022_H2,1655852.99,1936321.424136988,1340974.43,1575393.1365734516
2022-11-08,2022_H2,1781413.12,1990517.0650583294,1480654.53,1625335.5080489898
2022-11-09,2022_H2,845358.47,1966536.570965303,699535.31,1555113.6221861118
2022-11-10,2022_H2,2079598.87,1923170.4868369845,1694276.76,1547192.8830921599
2022-11-11,2022_H2,1581745.15,2030384.555209389,1307363.48,1633552.399895304
2022-11-12,2022_H2,1354235.95,1990029.1176362312,1091940.76,1631688.6386170369
2022-11-13,2022_H2,2903552.41,2216111.8184906575,2399414.44,1792123.0550753216
2022-11-14,2022_H2,1656739.7,2308075.4791446417,1428653.75,1843185.4584380123
2022-11-15,2022_H2,1547150.37,2211993.699712061,1239694.48,1807286.798025615
2022-11-16,2022_H2,1436853.58,1964389.6721960749,1152791.3,1588684.4660409915
2022-11-17,2022_H2,1542318.91,1897619.5662116876,1326508.48,1559566.412189119
2022-11-18,2022_H2,2067584.69,1802325.7309614834,1767319.2,1543515.9412652845
2022-11-19,2022_H2,1496563.56,1746809.4020422408,1377725.1,1564240.0728029436
2022-11-20,2022_H2,1857748.24,1910214.59346125,1631718.89,1713314.9986145848
2022-11-21,2022_H2,1349907.06,1892777.0874453192,1276634.29,1766240.6891005621
2022-11-22,2022_H2,853188.02,1833084.5030666136,904694.78,1701990.4185137697
2022-11-23,2022_H2,1060969.69,1526598.5496445878,1157743.64,1499919.583591322
2022-11-24,2022_H2,1729664.2,1496297.881844602,1775190.25,1476630.3058896828
2022-11-25,2022_H2,1527923.9,1527690.0072192713,1576795.62,1553324.5825658105
2022-11-26,2022_H2,2035639.78,1708153.3455335926,2105948.81,1708103.2511164933
2022-11-27,2022_H2,3138619.13,2452993.5641851616,3283279.48,2369515.911938611
2022-11-28,2022_H2,2104917.42,2688734.625836511,2152332.4,2688392.0918030892
2022-11-29,2022_H2,2558728.79,2577707.223882311,2694391.19,2623240.143826539
2022-11-30,2022_H2,1317689.52,2380815.6052176263,1346354.39,2445724.564953731
2022-12-01,2022_H2,1668445.9,1813861.1200761166,1683082.9,1802010.6284368257
2022-12-02,2022_H2,720381.04,854635.7140202166,726739.78,827726.3233799932
2022-12-03,2022_H2,753704.17,980140.7704917898,751384.0,941023.586780076
2022-12-04,2022_H2,664409.51,1161335.9979108642,678890.04,1136118.2360985084
2022-12-05,2022_H2,1607335.1,1279359.9794755136,1688255.85,1231378.6267835335
2022-12-06,2022_H2,1436188.44,1365418.1492575041,1460346.38,1306916.640648961
2022-12-07,2022_H2,760218.13,1191815.4363390831,731672.82,1184877.8358066962
2022-12-08,2022_H2,818209.67,1182490.4508642221,832757.07,1189053.821530413
2022-12-09,2022_H2,1323267.85,1248087.983999326,1366777.35,1230661.3743327875
2022-12-10,2022_H2,1598936.84,1297461.388936772,1616981.65,1269784.6826655518
2022-12-11,2022_H2,1420910.74,1481372.5735117479,1526398.5,1450364.2621096007
2022-12-12,2022_H2,1983085.06,1970338.6768428353,2071778.79,1902737.9586735875
2022-12-13,2022_H2,1652309.19,1851431.0765732506,1687562.98,1843710.9290568093
2022-12-14,2022_H2,1662243.59,1749609.1785423735,1688191.22,1729309.9543969766
2022-12-15,2022_H2,1494318.64,1625099.3512418494,1554407.68,1574851.1180411247
2022-12-16,2022_H2,1482192.97,1700367.656683045,1521540.05,1639133.0338257682
2022-12-17,2022_H2,1302193.74,1679863.613256457,1321522.92,1617561.3047316498
2022-12-18,2022_H2,2201374.59,1855671.2912869097,2308997.06,1784743.2573356335
2022-12-19,2022_H2,2250767.39,2145253.7504326636,2245767.23,2053683.0591316163
2022-12-20,2022_H2,2026810.08,2162484.626648202,2053084.16,2110357.004646234
2022-12-21,2022_H2,1795395.02,2046605.8048263662,1806884.57,2016832.4684195174
2022-12-22,2022_H2,1791622.46,1860848.4180479588,1773829.08,1830390.5291814785
2022-12-23,2022_H2,1501209.11,1598686.6248757194,1499234.75,1532459.5120593992
2022-12-24,2022_H2,1390870.89,1605291.8251215923,1401661.67,1549979.3895187392
2022-12-25,2022_H2,1136772.53,1633624.0069550814,1160100.63,1707611.4410620802
2022-12-26,2022_H2,2110830.12,1784087.5616355652,2160963.69,1753572.4123665807
2022-12-27,2022_H2,2100553.66,2378528.98630071,2184872.24,2218527.228891012
2022-12-28,2022_H2,3448729.2,3536172.450534217,3513621.0,3424923.2475816626
2022-12-29,2022_H2,3083944.33,4176947.2601644006,3170787.1,4192733.1711500552
2022-12-30,2022_H2,2884668.76,3770099.951933829,3022292.15,3659539.895992283
2022-12-31,2022_H2,2383037.48,3680575.0619841344,2279288.13,3539770.094258245
